{
  "project_info": {
    "project_number": "320173349787",
    "project_id": "projeto-web-7242d",
    "storage_bucket": "projeto-web-7242d.firebasestorage.app"
  },
  "client": [
    {
      "client_info": {
        "mobilesdk_app_id": "1:320173349787:android:a8e0b156ea85694b74df3e",
        "android_client_info": {
          "package_name": "com.scheis.firebase"
        }
      },
      "oauth_client": [],
      "api_key": [
        {
          "current_key": "AIzaSyAjqFqnWbIqCZVXxDVetPptTyCbONHrcmA"
        }
      ],
      "services": {
        "appinvite_service": {
          "other_platform_oauth_client": []
        }
      }
    }
  ],
  "configuration_version": "1"
}